entity_id,canonical_metabolite,all_metabolite_names,InChIKey,formula,n_studies_with_log2fc,n_effect_observations,n_up,n_down,mean_log2fc,median_log2fc,max_abs_log2fc,min_p_value,studies,dominant_direction,consistency_score,discordant,recurrent
IK_PFDUUKDQEHURQC-ZETCQYMHSA-N,3-O-Methyl-a-methyldopa,3-O-Methyl-a-methyldopa | 3-O-Methyldopa,PFDUUKDQEHURQC-ZETCQYMHSA-N,C10H13NO4,3,3,3,0,9.833279423,9.046324417,15.80151503,0.0164,ACS1517 | MTBLS11904 | ST003159,Up in PD,1,FALSE,TRUE
IK_SPJFYYJXNPEZDW-FTJOPAKQSA-N,LysoPC(18:2),"LysoPC(18:2) | LPC 18:2 | LysoPC(18:2(9Z,12Z)/0:0)",SPJFYYJXNPEZDW-FTJOPAKQSA-N,C26H50NO7P,3,3,3,0,0.6062851393333333,0.23878686,1.485426827,0.00552,29518718 | 37755270 | MTBLS11904,Up in PD,1,FALSE,TRUE
IK_MBMBGCFOFBJSGT-KUBAVDMBSA-N,Docosahexaenoic Acid,Docosahexaenoic Acid | FFA 22:6,MBMBGCFOFBJSGT-KUBAVDMBSA-N,C22H32O2,3,3,0,3,-0.2793838413333333,-0.094010565,0.736965594,0,33485385 | MTBLS11904 | ST003159,Down in PD,1,FALSE,TRUE
IK_JYGXADMDTFJGBT-VWUMJDOOSA-N,Hydrocortisone,Hydrocortisone | Cortisol,JYGXADMDTFJGBT-VWUMJDOOSA-N,C21H30O5,3,3,3,0,0.36466506666666665,0.275007048,0.5959539,0.0165,33485385 | MTBLS11904 | ST003159,Up in PD,1,FALSE,TRUE
IK_YAMUFBLWGFFICM-PTGWMXDISA-N,LPC 18:1,LPC 18:1 | LysoPC(18:1(9Z)); LysoPC(18:1(11Z)),YAMUFBLWGFFICM-PTGWMXDISA-N,C26H52NO7P,3,3,3,0,0.37649697466666665,0.32998465,0.524499227,4.27e-4,37755270 | 38720721 | ST003159,Up in PD,1,FALSE,TRUE
IK_RCNSAJSGRJSBKK-NSQVQWHSSA-N,Biliverdin,Biliverdin,RCNSAJSGRJSBKK-NSQVQWHSSA-N,C33H34N4O6,3,3,0,3,-0.3751475103333334,-0.333886993,0.514573173,3e-4,33485385 | MTBLS11904 | ST003159,Down in PD,1,FALSE,TRUE
IK_RJZVWDTYEWCUAR-JOCHJYFZSA-N,LPC 15:0,LPC 15:0 | PC(15:0/0:0) | LysoPC(15:0/0:0),RJZVWDTYEWCUAR-JOCHJYFZSA-N,C23H48NO7P,3,3,3,0,0.37880764033333336,0.334850352,0.485426827,9.87e-6,37755270 | 38720721 | MTBLS11904,Up in PD,1,FALSE,TRUE
IK_LSOWKZULVQWMLY-APPDJCNMSA-N,LPC 22:6,"LPC 22:6 | LysoPC(22:6(4Z,7Z,10Z,13Z,16Z,19Z)/0:0)",LSOWKZULVQWMLY-APPDJCNMSA-N,C30H50NO7P,3,3,3,0,0.30553333666666666,0.286881148,0.463622457,0.00659,37755270 | 38720721 | MTBLS11904,Up in PD,1,FALSE,TRUE
IK_YYQVCMMXPIJVHY-ZOIJLGJPSA-N,LPC 20:2,"LPC 20:2 | LysoPC(20:2(11Z,14Z)/0:0)",YYQVCMMXPIJVHY-ZOIJLGJPSA-N,C28H54NO7P,3,3,3,0,0.2854595506666667,0.263034406,0.381837084,0.00732,37755270 | 38720721 | MTBLS11904,Up in PD,1,FALSE,TRUE
IK_HNDVDQJCIGZPNO-YFKPBYRVSA-N,Histidine,Histidine | L-Histidine,HNDVDQJCIGZPNO-YFKPBYRVSA-N,C6H9N3O2,3,3,0,3,-0.10774753766666667,-0.072019401,0.241270432,0.00827,38720721 | MTBLS11904 | ST001814,Down in PD,1,FALSE,TRUE
IK_ONIBWKKTOPOVIA-UHFFFAOYNA-N,Proline,Proline,ONIBWKKTOPOVIA-UHFFFAOYNA-N,C5H9NO2,3,3,3,0,0.10100871833333333,0.067534798,0.189033824,0.0401,33485385 | ST001814 | ST003159,Up in PD,1,FALSE,TRUE
IK_NZKRYJGNYPYXJZ-UHFFFAOYSA-N,Dopamine 3-O-sulfate,"Dopamine 3-O-sulfate | Dopamine 3-O-sulfate2,3",NZKRYJGNYPYXJZ-UHFFFAOYSA-N,C8H11NO5S,2,2,2,0,9.12759539,9.12759539,13.04351745,NA,MTBLS11904 | ST003159,Up in PD,1,FALSE,TRUE
IK_BXJHWYVXLGLDMZ-UHFFFAOYSA-N,Methylguanine,Methylguanine | 2-Amino-6-methoxypurine,BXJHWYVXLGLDMZ-UHFFFAOYSA-N,C9H11NO2 | C6H7N5O,2,2,2,0,3.9662752175000002,3.9662752175000002,7.910492832,6.28e-8,28880465 | MTBLS11904,Up in PD,1,FALSE,TRUE
IK_JQXBETDGCMQLMK-UHFFFAOYSA-N,"3,4-Dihydroxyphenylacetone","3,4-Dihydroxyphenylacetone | 3,4 Dihydroxyphenylacetone",JQXBETDGCMQLMK-UHFFFAOYSA-N,C9H10O3,2,2,2,0,4.054399643,4.054399643,7.702726796,0,28880465 | MTBLS11904,Up in PD,1,FALSE,TRUE
IK_GXPIUNZCALHVBA-UHFFFAOYSA-N,Acetyl-sulfamethoxazole,Acetyl-sulfamethoxazole | N4-acetylsulfamethoxazole,GXPIUNZCALHVBA-UHFFFAOYSA-N,C12H13N3O4S,2,2,2,0,4.88708302,4.88708302,7.544578117,0.0196,37755270 | 38720721,Up in PD,1,FALSE,TRUE
IK_JPAUCQAJHLSMQW-XPORZQOISA-N,p-Cresol glucuronide,p-Cresol glucuronide | p-Cresol glucuronide3,JPAUCQAJHLSMQW-XPORZQOISA-N,C13H16O7,2,2,2,0,2.9829892135,2.9829892135,4.861641767,0.0021,33485385 | ST003159,Up in PD,1,FALSE,TRUE
IK_SVYIZYRTOYHQRE-UHFFFAOYSA-N,Vanillactic acid,Vanillactic acid,SVYIZYRTOYHQRE-UHFFFAOYSA-N,C10H12O5,2,2,2,0,4.655941363,4.655941363,4.708998317,6e-4,29518718 | ACS1517,Up in PD,1,FALSE,TRUE
IK_HVYWMOMLDIMFJA-DPAQBDIFSA-N,Cholesterol,Cholesterol,HVYWMOMLDIMFJA-DPAQBDIFSA-N,C27H46O,2,2,2,0,2.3064294025,2.3064294025,4.562486669,0.002,38720721 | ST001814,Up in PD,1,FALSE,TRUE
IK_ONJSZLXSECQROL-UHFFFAOYSA-N,o-Hydroxyhippuric acid,o-Hydroxyhippuric acid | Salicyluric Acid,ONJSZLXSECQROL-UHFFFAOYSA-N,C9H9NO4,2,2,2,0,2.1278358015,2.1278358015,4.118276657,0.011,38720721 | MTBLS11904,Up in PD,1,FALSE,TRUE
IK_RGHMISIYKIHAJW-UHFFFAOYSA-N,"3,4-Dihydroxymandelic acid","3,4-Dihydroxymandelic acid | 3,4-dihydroxymandelate",RGHMISIYKIHAJW-UHFFFAOYSA-N,C8H8O5,2,2,0,2,-1.888486222,-1.888486222,3.605261981,0.0066,38516193 | MTBLS11904,Down in PD,1,FALSE,TRUE
IK_RGHHSNMVTDWUBI-UHFFFAOYSA-N,4-Hydroxybenzaldehyde,4-Hydroxybenzaldehyde | p-Hydroxybenzaldehyde,RGHHSNMVTDWUBI-UHFFFAOYSA-N,C7H6O2,2,2,2,0,1.7751243885,1.7751243885,3.336283388,7e-4,29518718 | MTBLS11904,Up in PD,1,FALSE,TRUE
IK_COLNVLDHVKWLRT-QMMMGPOBSA-N,L-Phenylalanine,L-Phenylalanine,COLNVLDHVKWLRT-QMMMGPOBSA-N,C9H11NO2,2,2,0,2,-1.655486282,-1.655486282,3.229585326,1.4e-6,38516193 | MTBLS11904,Down in PD,1,FALSE,TRUE
IK_UHDGCWIWMRVCDJ-XVFCMESISA-N,melatonin,melatonin | Cytidine,UHDGCWIWMRVCDJ-XVFCMESISA-N,C9H13N3O5,2,2,0,2,-1.6304691674999998,-1.6304691674999998,3.109358756,4.4e-7,38516193 | MTBLS11904,Down in PD,1,FALSE,TRUE
IK_IGTYILLPRJOVFY-UHFFFAOYSA-N,Paracetamol sulfate,Paracetamol sulfate | acetaminophen sulfate,IGTYILLPRJOVFY-UHFFFAOYSA-N,C8H9NO5S,2,2,2,0,2.106767718,2.106767718,2.558183607,2.8e-5,38720721 | MTBLS11904,Up in PD,1,FALSE,TRUE
IK_VYFYYTLLBUKUHU-UHFFFAOYSA-N,Dopamine,Dopamine,VYFYYTLLBUKUHU-UHFFFAOYSA-N,C8H11NO2,2,2,2,0,1.3405900750000002,1.3405900750000002,2.512226887,1.59e-13,38720721 | MTBLS11904,Up in PD,1,FALSE,TRUE
IK_BMLMGCPTLHPWPY-REOHCLBHSA-N,Procysteine,Procysteine | 2-Oxothiazolidine-4-carboxylic acid,BMLMGCPTLHPWPY-REOHCLBHSA-N,C4H5NO3S,2,2,0,2,-1.1976977304999998,-1.1976977304999998,2.190997225,0.00187,38720721 | MTBLS11904,Down in PD,1,FALSE,TRUE
IK_HTZINLFNXLXRBC-CQLBIITFSA-N,PC(P-16:0/0:0),PC(P-16:0/0:0) | LysoPC(P-16:0),HTZINLFNXLXRBC-CQLBIITFSA-N,C24H50NO6P,2,2,2,0,1.0514899,1.0514899,1.89645553,NA,MTBLS11904 | ST003159,Up in PD,1,FALSE,TRUE
IK_RYYVLZVUVIJVGH-UHFFFAOYSA-N,Caffeine,Caffeine | Caffine,RYYVLZVUVIJVGH-UHFFFAOYSA-N,C8H10N4O2,2,2,0,2,-1.4339772014999999,-1.4339772014999999,1.787866492,1.6e-4,38720721 | ACS1517,Down in PD,1,FALSE,TRUE
IK_CTYRPMDGLDAWRQ-UHFFFAOYSA-N,Phenol sulphate,Phenol sulphate | Phenol sulfate,CTYRPMDGLDAWRQ-UHFFFAOYSA-N,C6H6O4S,2,2,0,2,-0.9108864795,-0.9108864795,1.689659879,5.33e-5,37755270 | MTBLS11904,Down in PD,1,FALSE,TRUE
IK_AEMOLEFTQBMNLQ-QIUUJYRFSA-N,Beta-D-Glucopyranuronic acid,Beta-D-Glucopyranuronic acid | b-D-Glucopyranuronic acid,AEMOLEFTQBMNLQ-QIUUJYRFSA-N,C6H10O7,2,2,0,2,-0.980898964,-0.980898964,1.64385619,NA,24167579 | MTBLS11904,Down in PD,1,FALSE,TRUE
IK_NSYSSMYQPLSPOD-UHFFFAOYSA-N,4-Hydroxy-6-methyl-2-pyrone,4-Hydroxy-6-methyl-2-pyrone,NSYSSMYQPLSPOD-UHFFFAOYSA-N,C6H6O3,2,2,0,2,-1.16948545,-1.16948545,1.61705613,1.63e-7,38720721 | MTBLS11904,Down in PD,1,FALSE,TRUE
IK_HAVMVUFJSIMVDG-UHFFFAOYSA-N,Lucidenic acid J,Lucidenic acid J,HAVMVUFJSIMVDG-UHFFFAOYSA-N,C27H38O8,2,2,2,0,1.1811945825,1.1811945825,1.565325738,NA,MTBLS11904 | ST003159,Up in PD,1,FALSE,TRUE
IK_ZBCATMYQYDCTIZ-UHFFFAOYSA-N,4-methylcatechol,4-methylcatechol,ZBCATMYQYDCTIZ-UHFFFAOYSA-N,C7H8O2,2,2,2,0,1.4485876235,1.4485876235,1.537654077,5.77e-6,38720721 | MTBLS11904,Up in PD,1,FALSE,TRUE
IK_COKMIXFXJJXBQG-NRFANRHFSA-N,Tirofiban,Tirofiban,COKMIXFXJJXBQG-NRFANRHFSA-N,C22H36N2O5S,2,2,2,0,0.794671639,0.794671639,1.477826152,NA,MTBLS11904 | ST003159,Up in PD,1,FALSE,TRUE
IK_AQTYXAPIHMXAAV-UHFFFAOYSA-N,2-methoxyphenol sulfate,2-methoxyphenol sulfate | O-methoxycatechol-O-sulphate,AQTYXAPIHMXAAV-UHFFFAOYSA-N,C7H8O5S,2,2,2,0,1.4163645969999998,1.4163645969999998,1.471967788,1.58e-6,38720721 | MTBLS11904,Up in PD,1,FALSE,TRUE
IK_JFLIEFSWGNOPJJ-UHFFFAOYNA-N,Phenylacetylglutamine,Phenylacetylglutamine,JFLIEFSWGNOPJJ-UHFFFAOYNA-N,C13H16N2O4,2,2,2,0,1.2023481105,1.2023481105,1.256087451,NA,38720721 | MTBLS11904,Up in PD,1,FALSE,TRUE
IK_KQXKVJAGOJTNJS-HNNXBMFYSA-N,Penbutolol,Penbutolol,KQXKVJAGOJTNJS-HNNXBMFYSA-N,C18H29NO2,2,2,2,0,0.7887253879999999,0.7887253879999999,1.205760241,NA,MTBLS11904 | ST003159,Up in PD,1,FALSE,TRUE
IK_VEYYWZRYIYDQJM-ZETCQYMHSA-N,N-alpha-acetyllysine,N-alpha-acetyllysine | N-alpha-Acetyl-L-lysine | Acetyl-L-lysine,VEYYWZRYIYDQJM-ZETCQYMHSA-N,C8H16N2O3,2,2,2,0,1.0909457405,1.0909457405,1.189848205,NA,38720721 | MTBLS11904,Up in PD,1,FALSE,TRUE
IK_QIAFMBKCNZACKA-UHFFFAOYSA-N,Hippuric acid,Hippuric acid,QIAFMBKCNZACKA-UHFFFAOYSA-N,C9H9NO3,2,2,2,0,0.903474941,0.903474941,1.166328954,0.0356,38720721 | MTBLS11904,Up in PD,1,FALSE,TRUE
IK_NOKPBJYHPHHWAN-REOHCLBHSA-N,cysteine-S-sulfate,cysteine-S-sulfate | S-Sulfo-L-Cysteine,NOKPBJYHPHHWAN-REOHCLBHSA-N,C3H7NO5S2,2,2,2,0,0.5918072345,0.5918072345,1.138814469,NA,38720721 | MTBLS11904,Up in PD,1,FALSE,TRUE
IK_IPCSVZSSVZVIGE-UHFFFAOYSA-N,Palmitic acid,Palmitic acid | C16:0 ceramide,IPCSVZSSVZVIGE-UHFFFAOYSA-N,C16H32O2,2,2,2,0,0.7013874885,0.7013874885,1.068574,6e-4,24058461 | ST001814,Up in PD,1,FALSE,TRUE
IK_GPWHCUUIQMGELX-VHQDNGOZSA-N,PC 32:2,PC 32:2,GPWHCUUIQMGELX-VHQDNGOZSA-N,C40H76NO8P,2,2,0,2,-0.6740128114999999,-0.6740128114999999,1.061721438,5e-4,33485385 | ST003159,Down in PD,1,FALSE,TRUE
IK_QIQXTHQIDYTFRH-UHFFFAOYSA-N,Stearic acid,Stearic acid | C18:0 ceramide,QIQXTHQIDYTFRH-UHFFFAOYSA-N,C18H36O2,2,2,2,0,0.661187232,0.661187232,1.047005,0.067,24058461 | ST001814,Up in PD,1,FALSE,TRUE
IK_UWHZIFQPPBDJPM-BQYQJAHWSA-N,Vaccenic acid,Vaccenic acid,UWHZIFQPPBDJPM-BQYQJAHWSA-N,C18H34O2,2,2,0,2,-0.8601295929999999,-0.8601295929999999,1.035245671,0.00417,38720721 | MTBLS11904,Down in PD,1,FALSE,TRUE
IK_ZFXYFBGIUFBOJW-UHFFFAOYSA-N,Theophylline,Theophylline,ZFXYFBGIUFBOJW-UHFFFAOYSA-N,C7H8N4O2,2,2,0,2,-0.8043804775000001,-0.8043804775000001,0.985051338,0.00248,38720721 | MTBLS11904,Down in PD,1,FALSE,TRUE
IK_USYNZBLVOOXNSN-ARRWHRBTSA-N,"(23S)-23,25-dihdroxy-24-oxovitamine D3 23-(beta-glucuronide)","(23S)-23,25-dihdroxy-24-oxovitamine D3 23-(beta-glucuronide) | (23S)-2325-dihdroxy-24-oxovitamine D3 23-(beta-glucuronide)",USYNZBLVOOXNSN-ARRWHRBTSA-N,C33H50O10,2,2,0,2,-0.4907816565,-0.4907816565,0.938112494,NA,MTBLS11904 | ST003159,Down in PD,1,FALSE,TRUE
IK_WWZKQHOCKIZLMA-UHFFFAOYSA-N,Caprylic acid,Caprylic acid,WWZKQHOCKIZLMA-UHFFFAOYSA-N,C8H16O2,2,2,2,0,0.643059372,0.643059372,0.913033,NA,24167579 | MTBLS11904,Up in PD,1,FALSE,TRUE
IK_PDNJLMZEGXHSCU-UHFFFAOYSA-N,Homocysteinesulfinic acid,Homocysteinesulfinic acid | L-Homocysteine sulfonic acid [+NH3],PDNJLMZEGXHSCU-UHFFFAOYSA-N,C4H9NO4S,2,2,0,2,-0.5894863515,-0.5894863515,0.892668518,0.0123,28880465 | MTBLS11904,Down in PD,1,FALSE,TRUE
IK_VZCYOOQTPOCHFL-OWOJBTEDSA-N,fumaric acid,fumaric acid,VZCYOOQTPOCHFL-OWOJBTEDSA-N,C4H4O4,2,2,2,0,0.6821241065,0.6821241065,0.847224541,NA,38720721 | MTBLS11904,Up in PD,1,FALSE,TRUE
IK_JFLIEFSWGNOPJJ-JTQLQIEISA-N,Phenylacetyl-L-glutamine,Phenylacetyl-L-glutamine,JFLIEFSWGNOPJJ-JTQLQIEISA-N,C13H16N2O4,2,2,2,0,0.728398596,0.728398596,0.806032633,0.0023,33485385 | ST003159,Up in PD,1,FALSE,TRUE
IK_POQOTWQIYYNXAT-UHFFFAOYSA-N,5-Acetylamino-6-amino-3-methyluracil,5-Acetylamino-6-amino-3-methyluracil | 5-Acetylamino-6 amino-3-methyluracil,POQOTWQIYYNXAT-UHFFFAOYSA-N,C7H8N4O2 | C7H10N4O3,2,2,0,2,-0.6087118444999999,-0.6087118444999999,0.713118852,0.00247,28880465 | 38720721,Down in PD,1,FALSE,TRUE
IK_UNXHWFMMPAWVPI-QWWZWVQMSA-N,threitol,threitol,UNXHWFMMPAWVPI-QWWZWVQMSA-N,C4H10O4,2,2,2,0,0.479893118,0.479893118,0.687060688,6.9e-5,38720721 | ST001814,Up in PD,1,FALSE,TRUE
IK_UYUXSRADSPPKRZ-SKNVOMKLSA-N,D-Glucuronolactone,D-Glucuronolactone | Glucuronic acid A,UYUXSRADSPPKRZ-SKNVOMKLSA-N,C6H8O6,2,2,2,0,0.5427965685,0.5427965685,0.633524907,8.02e-5,38720721 | MTBLS11904,Up in PD,1,FALSE,TRUE
IK_HEBKCHPVOIAQTA-QWWZWVQMSA-N,lyxitol,lyxitol | D-Arabitol,HEBKCHPVOIAQTA-QWWZWVQMSA-N,C5H12O5,2,2,2,0,0.48323602,0.48323602,0.628475576,0.00306,38720721 | MTBLS11904,Up in PD,1,FALSE,TRUE
IK_HXEACLLIILLPRG-UHFFFAOYSA-N,Pipecolic acid,Pipecolic acid | pipecolinic acid,HXEACLLIILLPRG-UHFFFAOYSA-N,C6H11NO2,2,2,2,0,0.336218766,0.336218766,0.620117165,0.012,38720721 | MTBLS11904,Up in PD,1,FALSE,TRUE
IK_MAZWDMBCPDUFDJ-VQHVLOKHSA-N,trans-traumatic acid,trans-traumatic acid | Traumatic Acid,MAZWDMBCPDUFDJ-VQHVLOKHSA-N,C12H20O4,2,2,2,0,0.4535695655,0.4535695655,0.614357382,0.0086,38720721 | MTBLS11904,Up in PD,1,FALSE,TRUE
IK_QUOGESRFPZDMMT-YFKPBYRVSA-N,Homoarginine,Homoarginine | Homo-L-arginine | H-HoArg-OH,QUOGESRFPZDMMT-YFKPBYRVSA-N,C7H16N4O2,2,2,0,2,-0.46265860849999996,-0.46265860849999996,0.57240143,0.0172,38720721 | MTBLS11904,Down in PD,1,FALSE,TRUE
IK_GUBGYTABKSRVRQ-QKKXKWKRSA-N,lactose,lactose,GUBGYTABKSRVRQ-QKKXKWKRSA-N,C12H22O11,2,2,2,0,0.2929641945,0.2929641945,0.560714955,9.24e-4,38720721 | MTBLS11904,Up in PD,1,FALSE,TRUE
IK_QHZLMUACJMDIAE-UHFFFAOYSA-N,1-Monopalmitin,1-Monopalmitin,QHZLMUACJMDIAE-UHFFFAOYSA-N,C19H38O4,2,2,2,0,0.301569697,0.301569697,0.556522614,NA,MTBLS11904 | ST001814,Up in PD,1,FALSE,TRUE
IK_KXGVEGMKQFWNSR-LLQZFEROSA-N,deoxycholic acid,deoxycholic acid,KXGVEGMKQFWNSR-LLQZFEROSA-N,C24H40O4,2,2,2,0,0.5382521985,0.5382521985,0.552868871,0.00149,38720721 | MTBLS11904,Up in PD,1,FALSE,TRUE
IK_CWLQUGTUXBXTLF-YFKPBYRVSA-N,N-Methylproline,N-Methylproline | N-Methyl-L-proline,CWLQUGTUXBXTLF-YFKPBYRVSA-N,C6H11NO2,2,2,0,2,-0.3146539085,-0.3146539085,0.526992432,0.00297,38720721 | MTBLS11904,Down in PD,1,FALSE,TRUE
IK_CXWXQJXEFPUFDZ-UHFFFAOYSA-N,Tetralin,"Tetralin | 1,2,3,4-Tetrahydronaphthalene",CXWXQJXEFPUFDZ-UHFFFAOYSA-N,C10H12,2,2,0,2,-0.2587981005,-0.2587981005,0.512513651,NA,24167579 | MTBLS11904,Down in PD,1,FALSE,TRUE
IK_ZIYVHBGGAOATLY-UHFFFAOYSA-N,Methylmalonic Acid,Methylmalonic Acid,ZIYVHBGGAOATLY-UHFFFAOYSA-N,C4H6O4,2,2,2,0,0.3105328575,0.3105328575,0.49978212,NA,38720721 | MTBLS11904,Up in PD,1,FALSE,TRUE
IK_YBUXFQUGNPBZPS-YNBHEIDWSA-N,LPC 22:5.1,"LPC 22:5.1 | LysoPC(22:5(4Z,7Z,10Z,13Z,16Z)/0:0)",YBUXFQUGNPBZPS-YNBHEIDWSA-N,C30H52NO7P,2,2,2,0,0.42900714100000004,0.42900714100000004,0.485426827,NA,37755270 | MTBLS11904,Up in PD,1,FALSE,TRUE
IK_SRRQPVVYXBTRQK-UHFFFAOYSA-N,LPC 17:0,LPC 17:0,SRRQPVVYXBTRQK-UHFFFAOYSA-N,C25H52NO7P,2,2,2,0,0.456784609,0.456784609,0.464668267,1.2e-5,37755270 | 38720721,Up in PD,1,FALSE,TRUE
IK_SRRQPVVYXBTRQK-XMMPIXPASA-N,PC(17:0/0:0),PC(17:0/0:0) | 1-Heptadecanoyl-sn-glycero-3-phosphocholine | LysoPC(17:0/0:0),SRRQPVVYXBTRQK-XMMPIXPASA-N,C25H52NO7P,2,2,2,0,0.3997617195,0.3997617195,0.457331626,0.00358,38720721 | MTBLS11904,Up in PD,1,FALSE,TRUE
IK_QZAYGJVTTNCVMB-UHFFFAOYSA-N,Serotonin,Serotonin,QZAYGJVTTNCVMB-UHFFFAOYSA-N,C10H12N2O,2,2,0,2,-0.310115741,-0.310115741,0.434402824,0.00126,38720721 | MTBLS11904,Down in PD,1,FALSE,TRUE
IK_JPIJQSOTBSSVTP-GBXIJSLDSA-N,isothreonic acid,isothreonic acid | Threonic Acid,JPIJQSOTBSSVTP-GBXIJSLDSA-N,C4H8O5,2,2,2,0,0.34343987350000005,0.34343987350000005,0.418999465,1.37e-6,38720721 | MTBLS11904,Up in PD,1,FALSE,TRUE
IK_XOAAWQZATWQOTB-UHFFFAOYSA-N,Taurine,Taurine,XOAAWQZATWQOTB-UHFFFAOYSA-N,C2H7NO3S,2,2,0,2,-0.218912963,-0.218912963,0.415037499,0.0221,37755270 | MTBLS11904,Down in PD,1,FALSE,TRUE
IK_VXUOFDJKYGDUJI-OAQYLSRUSA-N,LPC 14:0,LPC 14:0 | LysoPC(14:0/0:0),VXUOFDJKYGDUJI-OAQYLSRUSA-N,C22H46NO7P,2,2,2,0,0.2259768845,0.2259768845,0.411426246,0.00165,37755270 | MTBLS11904,Up in PD,1,FALSE,TRUE
IK_JVTAAEKCZFNVCJ-UHFFFAOYSA-N,Lactic acid,Lactic acid,JVTAAEKCZFNVCJ-UHFFFAOYSA-N,C3H6O3,2,2,2,0,0.2118737805,0.2118737805,0.409255147,0.0226,38720721 | ST001814,Up in PD,1,FALSE,TRUE
IK_BJEPYKJPYRNKOW-UHFFFAOYSA-N,malic acid,malic acid,BJEPYKJPYRNKOW-UHFFFAOYSA-N,C4H6O5,2,2,2,0,0.357673777,0.357673777,0.389961139,0.00438,38720721 | MTBLS11904,Up in PD,1,FALSE,TRUE
IK_AYFVYJQAPQTCCC-GBXIJSLDSA-N,L-Threonine,L-Threonine,AYFVYJQAPQTCCC-GBXIJSLDSA-N,C4H9NO3,2,2,2,0,0.195744613,0.195744613,0.386074483,NA,MTBLS11904 | ST003159,Up in PD,1,FALSE,TRUE
IK_RHGKLRLOHDJJDR-BYPYZUCNSA-N,Citrulline,Citrulline | L-citrulline,RHGKLRLOHDJJDR-BYPYZUCNSA-N,C6H13N3O3,2,2,2,0,0.26041078900000003,0.26041078900000003,0.366252264,NA,24167579 | MTBLS11904,Up in PD,1,FALSE,TRUE
IK_LFUDDCMNKWEORN-ZXEGGCGDSA-N,LPC 16:1,LPC 16:1 | LysoPC(16:1(9Z)),LFUDDCMNKWEORN-ZXEGGCGDSA-N,C24H48NO7P,2,2,2,0,0.326345935,0.326345935,0.365810722,0.00153,37755270 | ST003159,Up in PD,1,FALSE,TRUE
IK_YYSFWGQAKJTHRE-MEOKJUQFSA-N,LPC 20:1,LPC 20:1 | LysoPC(20:1(11Z)/0:0),YYSFWGQAKJTHRE-MEOKJUQFSA-N,C28H56NO7P,2,2,2,0,0.3350330075,0.3350330075,0.35614381,0.00162,37755270 | MTBLS11904,Up in PD,1,FALSE,TRUE
IK_HXEACLLIILLPRG-YFKPBYRVSA-N,L-Pipecolic acid,L-Pipecolic acid,HXEACLLIILLPRG-YFKPBYRVSA-N,C6H11NO2,2,2,0,2,-0.19092783900000002,-0.19092783900000002,0.321928095,NA,28880465 | MTBLS11904,Down in PD,1,FALSE,TRUE
IK_ZHRLECIZINSPKL-AKGZTFGVSA-N,L-Cysteinylglycine disulfide,L-Cysteinylglycine disulfide,ZHRLECIZINSPKL-AKGZTFGVSA-N,C6H11NO2,2,2,0,2,-0.290878035,-0.290878035,0.312939312,9.87e-8,24167579 | 28880465,Down in PD,1,FALSE,TRUE
IK_GHVNFZFCNZKVNT-UHFFFAOYSA-N,Capric acid,Capric acid | FFA 10:0,GHVNFZFCNZKVNT-UHFFFAOYSA-N,C10H20O2,2,2,0,2,-0.1543948815,-0.1543948815,0.304006187,0.0021,33485385 | MTBLS11904,Down in PD,1,FALSE,TRUE
IK_YLWSJLLZUHSIEA-CKSUKHGVSA-N,SM d34:2,"SM d34:2 | SM(d18:2(4E,14Z)/16:0)",YLWSJLLZUHSIEA-CKSUKHGVSA-N,C39H77N2O6P,2,2,0,2,-0.23209478,-0.23209478,0.304006187,6.03e-4,37755270 | MTBLS11904,Down in PD,1,FALSE,TRUE
IK_YWDDIWXKFJEMKF-JTZVLWBESA-N,PC 34:4,PC 34:4 | GPCho(18:4/16:0),YWDDIWXKFJEMKF-JTZVLWBESA-N,C42H76NO8P,2,2,0,2,-0.221315123,-0.221315123,0.304006187,0.0221,33485385 | MTBLS11904,Down in PD,1,FALSE,TRUE
IK_GOMVPVRDBLLHQC-VEJNOCSESA-N,LPC 20:4,"LPC 20:4 | LysoPC(20:4(8Z,11Z,14Z,17Z)/0:0)",GOMVPVRDBLLHQC-VEJNOCSESA-N,C28H50NO7P,2,2,2,0,0.24277499549999998,0.24277499549999998,0.298658316,0.00185,37755270 | MTBLS11904,Up in PD,1,FALSE,TRUE
IK_XFTRTWQBIOMVPK-UHFFFAOYSA-N,Citramalic acid,Citramalic acid,XFTRTWQBIOMVPK-UHFFFAOYSA-N,C5H8O5,2,2,2,0,0.1635307155,0.1635307155,0.293558786,NA,MTBLS11904 | ST001814,Up in PD,1,FALSE,TRUE
IK_KJUNGQXFZYMUOH-FKWLWHCOSA-N,LPC 18:1.1,LPC 18:1.1 | LysoPC(P-18:1(9Z)/0:0),KJUNGQXFZYMUOH-FKWLWHCOSA-N,C26H52NO6P,2,2,2,0,0.26054089,0.26054089,0.263034406,0.00513,37755270 | MTBLS11904,Up in PD,1,FALSE,TRUE
IK_WQZGKKKJIJFFOK-GASJEMHNSA-N,glucose,glucose | D-Glucose,WQZGKKKJIJFFOK-GASJEMHNSA-N,C6H12O6,2,2,2,0,0.170936997,0.170936997,0.255802837,NA,38720721 | MTBLS11904,Up in PD,1,FALSE,TRUE
IK_LCTONWCANYUPML-UHFFFAOYSA-N,Pyruvic Acid,Pyruvic Acid,LCTONWCANYUPML-UHFFFAOYSA-N,C3H4O3,2,2,2,0,0.14660877349999998,0.14660877349999998,0.253961403,NA,MTBLS11904 | ST001814,Up in PD,1,FALSE,TRUE
IK_JNDFGLPQDFBGLR-KMCBPMHZSA-N,FFAD 22:1,FFAD 22:1,JNDFGLPQDFBGLR-KMCBPMHZSA-N,C66H125NO5,2,2,0,2,-0.161646207,-0.161646207,0.251538767,0.0014,33485385 | ST003159,Down in PD,1,FALSE,TRUE
IK_KDYFGRWQOYBRFD-UHFFFAOYSA-N,Succinic acid,Succinic acid,KDYFGRWQOYBRFD-UHFFFAOYSA-N,C4H6O4,2,2,2,0,0.1521358935,0.1521358935,0.2393117,NA,MTBLS11904 | ST001814,Up in PD,1,FALSE,TRUE
IK_ODBLHEXUDAPZAU-UHFFFAOYSA-N,isocitric acid,isocitric acid,ODBLHEXUDAPZAU-UHFFFAOYSA-N,C6H8O7,2,2,2,0,0.16493042800000002,0.16493042800000002,0.230203013,0.00949,38720721 | MTBLS11904,Up in PD,1,FALSE,TRUE
NO_INCHIKEY__ffa 18 0,FFA 18:0,FFA 18:0,NA,NA,2,2,0,2,-0.1941679385,-0.1941679385,0.200912694,0.0012,33485385 | ST003159,Down in PD,1,FALSE,TRUE
IK_ISWSIDIOOBJBQZ-UHFFFAOYSA-N,Phenol,Phenol,ISWSIDIOOBJBQZ-UHFFFAOYSA-N,C6H6O,2,2,0,2,-0.0833967205,-0.0833967205,0.16406946,NA,28880465 | MTBLS11904,Down in PD,1,FALSE,TRUE
IK_POULHZVOKOAJMA-UHFFFAOYSA-N,lauric acid,lauric acid | Dodecanoic acid | FFA 12:0,POULHZVOKOAJMA-UHFFFAOYSA-N,C12H24O2,2,2,0,2,-0.09782847,-0.09782847,0.13606155,0.0184,33485385 | MTBLS11904,Down in PD,1,FALSE,TRUE
IK_SEALOBQTUQIVGU-QNIJNHAOSA-N,dihydroergocornine,dihydroergocornine,SEALOBQTUQIVGU-QNIJNHAOSA-N,C31H41N5O5,2,2,0,2,-0.08540548,-0.08540548,0.131313235,NA,24167579 | MTBLS11904,Down in PD,1,FALSE,TRUE
IK_QNAYBMKLOCPYGJ-REOHCLBHSA-N,L-Alanine,L-Alanine | Alanine,QNAYBMKLOCPYGJ-REOHCLBHSA-N,C3H7NO2,2,2,0,2,-0.04580987,-0.04580987,0.078664220000000007,NA,MTBLS11904 | ST001814,Down in PD,1,FALSE,TRUE
